name,url,min_bounty,max_bounty
Ibotta,https://bugcrowd.com/ibotta,100.0,5000.0
Step Public Applications,https://bugcrowd.com/step-public,,
Registrar.gov: Bug Bounty Program,https://bugcrowd.com/registrar-dotgov,,
Verisign,https://bugcrowd.com/verisign,,
Indeed,https://bugcrowd.com/indeed,2004.0,2004.0
LifterLMS,https://bugcrowd.com/lifterlms,,
Telstra VDP,https://bugcrowd.com/telstra-vdp,,
ThousandEyes Bug Bounty,https://bugcrowd.com/thousandeyes-og,,
Professional Counselling Provider,https://bugcrowd.com/programs/teasers/dKZe19MnPivPJUoEgw3f5f4S,500.0,20000.0
Leading Financial company needs your help!,https://bugcrowd.com/programs/teasers/red-moon-8769,300.0,10000.0
An electronics retailer would like your help!,https://bugcrowd.com/programs/teasers/eQTUitf7a1btxJGEXtAWMtYd,150.0,2500.0
Rarible,https://bugcrowd.com/rarible-ogmbb,,
Blackbaud Vulnerability Disclosure Program,https://bugcrowd.com/blackbaud-vdp,,
NiceHash,https://bugcrowd.com/nicehash-og,,
StackPath,https://bugcrowd.com/stackpath,,
HostGator VDP,https://bugcrowd.com/hostgator-vdp,,
Seagate VDP,https://bugcrowd.com/seagate-vdp,,
Dfinity Vulnerability Disclosure Program,https://bugcrowd.com/dfinity-vdppro,,
CyberGhost,https://bugcrowd.com/cyberghost,,
Private Internet Access,https://bugcrowd.com/privateinternetaccess,,
Lucid Motors Vulnerability Disclosure Program,https://bugcrowd.com/lucidmotors-vdp,,
You Need a Budget (YNAB),https://bugcrowd.com/ynab,,
Lightspeed Retail (X-Series),https://bugcrowd.com/x-series,,
GoPro Awards Webapp Public Program,https://bugcrowd.com/gopro-og-public,,
"Tyler Technologies Data & Insights – Tyler Data Platform, powered by Socrata",https://bugcrowd.com/tyler-tech-data-insights,700.0,700.0
Rec Room Video Games,https://bugcrowd.com/recroom-og,,
Redox,https://bugcrowd.com/redox,750.0,750.0
Office of Natural Resources Revenue,https://bugcrowd.com/onrr-vdp,,
Office of Wildland Fire - Vulnerability Disclosure Program,https://bugcrowd.com/owf-vdp,,
Electroneum,https://bugcrowd.com/electroneum,,
Dropbox,https://bugcrowd.com/dropbox,,
Sophos,https://bugcrowd.com/sophos,,
CoolBitX,https://bugcrowd.com/coolbitx-mbb,,
Council of the Inspectors General on Integrity and Efficiency Vulnerability Disclosure Program,https://bugcrowd.com/cigie-vdp,2008.0,2008.0
National Transportation Safety Board: Vulnerability Disclosure Program,https://bugcrowd.com/ntsb-vdp,,
Federal Trade Commission: Vulnerability Disclosure Program,https://bugcrowd.com/ftc-vdp,2020.0,2020.0
Chia Network,https://bugcrowd.com/chia-network-bb,,
Netflix,https://bugcrowd.com/netflix,,
Bitget,https://bugcrowd.com/bitget-og,,
"Constant Contact, Inc.",https://bugcrowd.com/constantcontact,,
Gearset: Managed Bug Bounty,https://bugcrowd.com/gearset-mbb,,
NameJet,https://bugcrowd.com/namejet,,
Siteplus Vulnerability Disclosure Program ,https://bugcrowd.com/newfold-siteplus-vdp,,
HostGator Brazil VDP,https://bugcrowd.com/hostgator-brazil-vdp,,
USAA,https://bugcrowd.com/usaa,,
Octopus Deploy,https://bugcrowd.com/octopus-deploy,,
Wyze Bug Bounty,https://bugcrowd.com/wyzembb,,
State Farm VDP,https://bugcrowd.com/statefarm-esf,,
Identity platform for secure authentication,https://bugcrowd.com/programs/teasers/dark-breeze-4589,150.0,10000.0
Blue Jeans Network,https://bugcrowd.com/bluejeans,100.0,100.0
Atlassian-Built Apps,https://bugcrowd.com/atlassianapps,,
Keeper Security Public Bounty Program,https://bugcrowd.com/keepersecurity,27001.0,27001.0
OneTrust,https://bugcrowd.com/onetrust,,
NameJet VDP,https://bugcrowd.com/namejet-vdp,,
SnapNames VDP,https://bugcrowd.com/snapnames-vdp,,
Web.com,https://bugcrowd.com/webdotcom,,
Bluehost ,https://bugcrowd.com/newfold-bluehost,,
Newfold Builder VDP,https://bugcrowd.com/newfold-builder-vdp,,
Reseller Club VDP Pro,https://bugcrowd.com/newfold-resellerclub-vdp,,
HostGator Latam Bug Bounty,https://bugcrowd.com/hostgator-latam-bb,,
HostGator,https://bugcrowd.com/hostgator,,
Newfold Vdeck VDP,https://bugcrowd.com/newfold-vdeck-vdp,,
Web.com VDP,https://bugcrowd.com/webdotcom-vdp,,
1Shoppingcart.com,https://bugcrowd.com/shoppingcart,500.0,2100.0
SnapNames,https://bugcrowd.com/snapnames,,
Newfold Vdeck Bug Bounty,https://bugcrowd.com/newfold-vdeck-bb,,
ANZ Responsible Disclosure Program,https://bugcrowd.com/anz-vdp,,
Western Union,https://bugcrowd.com/westernunion,,
Service NSW Vulnerability Disclosure Program,https://bugcrowd.com/service-nsw-vdp,,
Video Viewing Platform,https://bugcrowd.com/programs/teasers/D28qs1YDrtgsf5fFDf4asFLX,,
A Leading Financial Services and Insurance Company,https://bugcrowd.com/programs/teasers/PhZA2CKG9vHhhBVM4EwcXuaJ,200.0,3000.0
Stryker,https://bugcrowd.com/stryker-vdp,,
Santos Vulnerability Disclosure Program,https://bugcrowd.com/santos-vdp,,
Monash MBB,https://bugcrowd.com/monash-mbb,,
Help Keep a Financial Company Secure!,https://bugcrowd.com/programs/teasers/wenDhQkBP4FrJAAUF5jevaPH,100.0,4500.0
ClickHouse,https://bugcrowd.com/clickhouse,,
LegalZoom VDP,https://bugcrowd.com/legalzoom-vdp,,
Office of Personnel Management - Vulnerability Disclosure Program,https://bugcrowd.com/opm-vdp,,
Web-Based Scientific Research Software,https://bugcrowd.com/programs/teasers/bold-sea-2414,150.0,8000.0
Code.org,https://bugcrowd.com/codeorg,,
SEEK ,https://bugcrowd.com/seek,,
Origin Energy,https://bugcrowd.com/originenergy-og1,,
Upwork,https://bugcrowd.com/upwork,5000.0,5000.0
"Exciting cloud-based iPad point of sale software company needs your help to secure their Web, API and mobile targets!",https://bugcrowd.com/programs/teasers/qBGsVZkQWfStg2RZq1qyFB4Z,150.0,3500.0
Ostrom Vulnerability Disclosure Program,https://bugcrowd.com/ostrom-vdp,1000.0,1000.0
IOOF Vulnerability Disclosure Program,https://bugcrowd.com/ioof,,
MediaLab - WorldStar Hip Hop Vulnerability Disclosure Program,https://bugcrowd.com/medialab-vdp,,
MediaLab - Kik Vulnerability Disclosure Program,https://bugcrowd.com/medialab-kik-vdp,2009.0,2009.0
"Web, API, iOS and Android Applications in Ongoing Bounty Program",https://bugcrowd.com/programs/teasers/V8rjBFxupVP2t9xqommVvgXF,150.0,10000.0
Quizlet,https://bugcrowd.com/quizlet,130.0,130.0
Akeyless,https://bugcrowd.com/akeyless-og,,
Pinterest,https://bugcrowd.com/pinterest,,
Gusto VDP,https://bugcrowd.com/gusto-vdp,,
Contrast Security,https://bugcrowd.com/contrast-security,,
Latitude Financial Services Vulnerability Disclosure Program,https://bugcrowd.com/latitudefinancial-vdp,,
Digistorm,https://bugcrowd.com/digistorm,,
Monash University,https://bugcrowd.com/monash-esf,,
CoinDCX Managed Bug Bounty,https://bugcrowd.com/coindcx-og,,
Bullish exchange,https://bugcrowd.com/bullish-exchange,,
Asana,https://bugcrowd.com/asana,,
"Appliances - Barracuda Networks, Inc.",https://bugcrowd.com/barracuda,,
Kaleido,https://bugcrowd.com/kaleido,,
WOO Network: Bug Bounty Program,https://bugcrowd.com/woo-network,200.0,10000.0
Mathematical software solutions provider,https://bugcrowd.com/programs/teasers/eQuhxoBoidGUJpQZgWisbrrk,,
 1Password,https://bugcrowd.com/agilebits,,
American Battle Monuments Commission,https://bugcrowd.com/abmc-vdp,,
Backblaze,https://bugcrowd.com/backblaze,,
Lime,https://bugcrowd.com/lime,,
Help an Secure an Educational Non-Profit,https://bugcrowd.com/programs/teasers/misty-sound-7666,150.0,3500.0
Gorillas,https://bugcrowd.com/gorillas-vdp,,
Pretrial Services Agency for the District of Columbia,https://bugcrowd.com/psa-vdp,,
Flourish,https://bugcrowd.com/flourish,,
Digital Shadows VDP,https://bugcrowd.com/digitalshadows-vdpesf,,
Railroad Retirement Board - Vulnerability Disclosure Program,https://bugcrowd.com/rrb-vdp,,
Secure the Leading Sales Engagement Platform,https://bugcrowd.com/programs/teasers/black-fire-29,,
Cloudinary,https://bugcrowd.com/cloudinary,,
Elementor: Bug Bounty Program,https://bugcrowd.com/elementor,500.0,5000.0
Lamoda,https://bugcrowd.com/lamoda,,
Nextup.ai,https://bugcrowd.com/nextupai,,
Xfinity Home & xFi,https://bugcrowd.com/xfinity-home,10000.0,10000.0
Prosus,https://bugcrowd.com/prosus-og,,
Dell Technologies' Products Bug Bounty Program,https://bugcrowd.com/dell-product,,
Dell Technologies Application Bug Bounty,https://bugcrowd.com/dell-com,,
Kiteworks,https://bugcrowd.com/kiteworks-public,,
Halp,https://bugcrowd.com/halp,,
Northwestern Mutual VDP,https://bugcrowd.com/northwestern-vdp,160.0,160.0
Sportradar VDP Pro,https://bugcrowd.com/sportradar-vdp,,
Do you know who IAM?,https://bugcrowd.com/programs/teasers/falling-wave-7761,150.0,2500.0
Phemex Bug Bounty,https://bugcrowd.com/phemex,,
Just Eat - Managed Bug Bounty,https://bugcrowd.com/justeat-ogmbb,,
ExpressVPN,https://bugcrowd.com/expressvpn,100000.0,100000.0
NEOGOV Public Assets,https://bugcrowd.com/neohrms,,
US Environmental Protection Agency Vulnerability Disclosure ,https://bugcrowd.com/epa-vdp,,
Deutsche Bank Vulnerability Disclosure Program,https://bugcrowd.com/deutschebank-vdp,,
HubSpot,https://bugcrowd.com/hubspot,,
Under Armour Corporate,https://bugcrowd.com/underarmour-corp,,
DICK'S Sporting Goods,https://bugcrowd.com/dickssportinggoods,,
iFood: Bug Bounty Program,https://bugcrowd.com/ifood-og,,
Craft Coders Marketplace Bug Bounty,https://bugcrowd.com/craftcoders,,
Caffeine,https://bugcrowd.com/caffeine,,
Geotab: VDP,https://bugcrowd.com/geotab-vdp,,
Skroutz Public Managed Bug Bounty,https://bugcrowd.com/skroutz,,
Imperva Bug Bounty,https://bugcrowd.com/imperva-mbb,,
NAB's Responsible Disclosure Program,https://bugcrowd.com/nationalaustraliabankog,,
The Scotts Miracle-Gro Company Responsible Disclosure,https://bugcrowd.com/thescottsmiraclerd,,
Hummingbird VDP,https://bugcrowd.com/hummingbird-vdp-ess,,
Help Secure The Leader in Online Fundraising,https://bugcrowd.com/programs/teasers/spring-snow-7841,150.0,5000.0
Braze Public BB,https://bugcrowd.com/braze-bb,,
Sisu Data,https://bugcrowd.com/sisu,,
Transactional email service made for developers,https://bugcrowd.com/programs/teasers/9ivBQDeA2CPxgjupJES2JyLa,100.0,6500.0
Love Music? Help Keep Our Marketplace Secure!,https://bugcrowd.com/programs/teasers/muddy-moon-3392,100.0,10000.0
Department of Labor,https://bugcrowd.com/dol-vdp,,
Technology Company Looking to Work with You!,https://bugcrowd.com/programs/teasers/winter-mountain-3095,200.0,4500.0
Department of Interior: Vulnerability Disclosure Program,https://bugcrowd.com/doi-vdp,,
Help a News Company Stay Secure!,https://bugcrowd.com/programs/teasers/snowy-darkness-1,100.0,2500.0
Atlassian Forge Platform,https://bugcrowd.com/atlassian-forge,,
TripAdvisor ,https://bugcrowd.com/tripadvisor-bb-og,100.0,7700.0
SpaceX/Starlink,https://bugcrowd.com/spacex,100.0,25000.0
iRobot,https://bugcrowd.com/irobot,100.0,7500.0
Bureau of Reclamation,https://bugcrowd.com/usbr-vdp,,
Bureau of Land Management,https://bugcrowd.com/blm-vdp,,
U.S. Fish and Wildlife Service ,https://bugcrowd.com/fws-vdp,,
Sky Disclosure Program,https://bugcrowd.com/sky-vdp,32000.0,32000.0
BlueHost VDP,https://bugcrowd.com/newfold-bluehostindia-vdp,,
Arrow Electronics VDP,https://bugcrowd.com/arrow-electronics-vdp,,
Help Create a Secure & Better Way to Live ,https://bugcrowd.com/programs/teasers/2PW2ao9Pxm8LBBfiQyooT29J,200.0,4500.0
Department of Veterans Affairs,https://bugcrowd.com/va-vdp,,
Tamedia,https://bugcrowd.com/tamedia,,
Office of Navajo and Hopi Indian Relocation (ONHIR) - Vulnerability Disclosure Program ,https://bugcrowd.com/onhir-vdp,,
EXIM - Vulnerability Disclosure Program,https://bugcrowd.com/exim-vdp,,
Rakuten VDP,https://bugcrowd.com/rakuten-vdp,,
eazyBI,https://bugcrowd.com/eazybi,,
The Coca-Cola Company Vulnerability Disclosure Program,https://bugcrowd.com/coca-cola,,
Leading digital transaction provider. New mobile targets introduced recently!,https://bugcrowd.com/programs/teasers/Jpzfw2e8eSJaYSjdN9TGiK8d,100.0,5000.0
A fantasy sports platform with over 100 million users,https://bugcrowd.com/programs/teasers/APnRLRQMhtdKEokr6Sd3TWEi,100.0,8000.0
Cengage VDP,https://bugcrowd.com/cengage-vdp,,
Okta,https://bugcrowd.com/okta,,
United Airlines,https://bugcrowd.com/united-vdp,,
FIS,https://bugcrowd.com/fis,,
Lbrands Victoria's Secret - VDP Pro,https://bugcrowd.com/lbrands-vs-vdp,,
Federal Communications Commission: Vulnerability Disclosure Program,https://bugcrowd.com/fcc-vdp,,
Department of Homeland Security: Vulnerability Disclosure Program,https://bugcrowd.com/dhs-vdp,,
National Labor Relations Board: Vulnerability Disclosure Program,https://bugcrowd.com/nlrb-vdp,,
Federal Retirement Thrift Investment Board : Vulnerability Disclosure Program,https://bugcrowd.com/frtib-vdp,,
Millennium Challenge Corporation: Vulnerability Disclosure Program,https://bugcrowd.com/mcc-vdp,,
United States Department of Agriculture: Vulnerability Disclosure Program,https://bugcrowd.com/usda-vdp,,
Privacy and Civil Liberties Oversight Board: Vulnerability Disclosure Program,https://bugcrowd.com/pclob-vdp,,
Equal Employment Opportunity Commission: Vulnerability Disclosure Program,https://bugcrowd.com/eeoc-vdp,,
Occupational Safety and Health Review Commission: Vulnerability Disclosure Program,https://bugcrowd.com/oshrc-vdp,,
Court Services and Offender Supervision Agency: Vulnerability Disclosure Program,https://bugcrowd.com/csosa-vdp,,
Bullish.com,https://bugcrowd.com/bullish,,
AMEX - Global Business Travel Vulnerability Disclosure Program,https://bugcrowd.com/amexgbt-vdp,,
Twilio,https://bugcrowd.com/twilio,,
A multinational consumer goods is looking for top talent to secure their huge attack surface!,https://bugcrowd.com/programs/teasers/aCinC48ZuX41qsYYrDuQ5PK4,200.0,2500.0
Unity Technology,https://bugcrowd.com/unity,,
Smartmockups,https://bugcrowd.com/smartmockups,,
Pixabay,https://bugcrowd.com/pixabay,,
Pexels,https://bugcrowd.com/pexels,,
Lbrands Bath & Body Works - VDP Pro,https://bugcrowd.com/lbrands-bbw-vdp,,
Phrase Vulnerability Disclosure Program,https://bugcrowd.com/phrase-vdp,500.0,500.0
K15t,https://bugcrowd.com/k15t,2009.0,2009.0
Stiltsoft,https://bugcrowd.com/stiltsoft,2010.0,2010.0
Credit Karma,https://bugcrowd.com/creditkarma,2007.0,2007.0
lululemon,https://bugcrowd.com/lululemon,5000.0,10000.0
Whatfix,https://bugcrowd.com/whatfix,,
Help an AdTech Company Stay Safe!,https://bugcrowd.com/programs/teasers/LpGD4WXdR2UTu2mJ9pdhUMvA,200.0,4500.0
Aruba Networks Public Program,https://bugcrowd.com/aruba-public,5000.0,30111.0
Regions Bank Vulnerability Disclosure Program ,https://bugcrowd.com/regions-vdp,,
"Acorns Grow, Inc.",https://bugcrowd.com/acorns,3000.0,3000.0
Intercom,https://bugcrowd.com/intercom,,
Sprout Social,https://bugcrowd.com/sproutsocial,,
Cash App,https://bugcrowd.com/cashapp,400.0,400.0
Web + API Applications in this OnGoing Bug Bounty Program,https://bugcrowd.com/programs/teasers/ovv41tyYARpWDHrCsFHLse6D,150.0,2500.0
Kistler Vulnerability Disclosure Program,https://bugcrowd.com/kistler-vdp,,
Jora,https://bugcrowd.com/jora,,
Opera Public Bug Bounty,https://bugcrowd.com/opera,,
20 Minuten,https://bugcrowd.com/twentyminuten,1999.0,1999.0
 Comcast Xfinity Vulnerability Disclosure Program,https://bugcrowd.com/comcastvdp,1250.0,1250.0
23andMe,https://bugcrowd.com/twentythree-and-me,,
SmartThings Vulnerability Disclosure,https://bugcrowd.com/smartthings,,
OLX Group,https://bugcrowd.com/olxgroup,,
Mobility Company Looking for Your Skills!,https://bugcrowd.com/programs/teasers/pY68GCL2kFMfrz1meTHJAXh4,100.0,5000.0
Help secure this Peer-to-Peer Marketplace,https://bugcrowd.com/programs/teasers/4WFYRFh1eGZhkPzZbuVCdCew,,
codefortynine,https://bugcrowd.com/codefortynine,,
Canva,https://bugcrowd.com/canva,,
Centrify,https://bugcrowd.com/centrify,100.0,100.0
Docusign: Vulnerability Disclosure Program,https://bugcrowd.com/docusign-vdp,2003.0,2003.0
Arlo Cash Rewards,https://bugcrowd.com/arlo,,
Kenna Security,https://bugcrowd.com/kennasecurity,,
eero,https://bugcrowd.com/eero,,
PlanetHoster,https://bugcrowd.com/planethosterinc,100.0,100.0
Directly,https://bugcrowd.com/directly,,
"Simplifying complex work wherever, and you can help secure it! (2x bonus rewards)",https://bugcrowd.com/programs/teasers/Vjpfr6mxTdGw6VBYRvimMtQJ,150.0,2500.0
Test a unicorn in the airline ticketing and hotel booking industry!,https://bugcrowd.com/programs/teasers/vzeiF8HxunufJrbpNbdrma4g,100.0,2500.0
Segment,https://bugcrowd.com/segment,7000.0,7000.0
Binance,https://bugcrowd.com/binance,100.0,100000.0
Octopus,https://bugcrowd.com/octopus-og,,
Skyscanner,https://bugcrowd.com/skyscanner,100.0,8000.0
A Patient Engagement Platform,https://bugcrowd.com/programs/teasers/dKJhahhbBJQ7FLqLXeAJGMY8,200.0,8000.0
Stellantis ,https://bugcrowd.com/stellantis,2021.0,2021.0
Personal Capital,https://bugcrowd.com/personalcapital,,
WestJet's Vulnerability Disclosure Program,https://bugcrowd.com/westjet-disclose,,
"Automate, customize and extend!",https://bugcrowd.com/programs/teasers/CuK9RZhPuFhKCvewXbxWFy3M,100.0,2022.0
Bitdefender,https://bugcrowd.com/bitdefender,,
Mastercard SRC,https://bugcrowd.com/mastercard-src,,
Tesla,https://bugcrowd.com/tesla,168.0,168.0
Viator,https://bugcrowd.com/viator,73111.0,73111.0
Artist Platform Wants Your Help!,https://bugcrowd.com/programs/teasers/patient-tree-1172,150.0,4500.0
Cloudways,https://bugcrowd.com/cloudways,,
Global Financial Institution,https://bugcrowd.com/programs/teasers/little-smoke-2110,,
Large US Insurance Provider,https://bugcrowd.com/programs/teasers/auGYMAudW3xRzkUm5mhBA9nh,150.0,6000.0
Unilever Vulnerability Disclosure Program,https://bugcrowd.com/unilever-vdp,,
Be the Authority!,https://bugcrowd.com/programs/teasers/ihjPujsLBGznTPRDeRvLvYBL,100.0,2022.0
3 Easy payments,https://bugcrowd.com/programs/teasers/PYG4BcYhkMm668So9ZdYxvFh,200.0,4500.0
Wise (ex-TransferWise),https://bugcrowd.com/wise,180.0,180.0
An international IT and telecommunications company would like your help to secure their API and Web targets! Can you help them? ,https://bugcrowd.com/programs/teasers/D6ktyjtr1GH2DVT3dsLw37oL,150.0,5000.0
Takeaway.com,https://bugcrowd.com/takeaway,,
Application to find help around the house.,https://bugcrowd.com/programs/teasers/KQaKCY3q8wCF7GQyNjybbbYx,150.0,2100.0
"A Cryptocurrency payment system needs your help to secure multiple web applications, APIs and mobile applications!",https://bugcrowd.com/programs/teasers/Rp7kgWq5z8pit9UstPQbSmg9,200.0,12000.0
BitDiscovery,https://bugcrowd.com/bitdiscovery,,
Click here to submit a support ticket!,https://bugcrowd.com/programs/teasers/dzLdTDyKibS7sbLurifaVrGk,,
SDKs and APIs Oh My!,https://bugcrowd.com/programs/teasers/1Z21mCvj7Fkohij4GEv4L2mv,200.0,4500.0
MasterCard VDP,https://bugcrowd.com/mastercard-vdp,210.0,210.0
Mettle,https://bugcrowd.com/mettle,,
Naspers,https://bugcrowd.com/naspers,,
Atlassian,https://bugcrowd.com/atlassian,,
HealthifyMe's Vulnerability Disclosure Program,https://bugcrowd.com/healthifyme,,
Made in the USA,https://bugcrowd.com/programs/teasers/6dF5BFZpPHHTUJwzBY1PDJtb,200.0,4500.0
Land of the Free,https://bugcrowd.com/programs/teasers/iDZhypDohatBc57iUufGC1MG,200.0,4500.0
Leading Cybersecurity Solutions Provider,https://bugcrowd.com/programs/teasers/g55EBqXg4edagMyYHdWBRz3S,100.0,3500.0
SoundCloud,https://bugcrowd.com/soundcloud,,
Mastercard (VDP Extension),https://bugcrowd.com/mastercard-vdp-ext,,
Financial Services Provider,https://bugcrowd.com/programs/teasers/2QPzmcExC5eNu2VF1K3BpWEw,100.0,3500.0
"No hardware, no problem! Route your submissions here!",https://bugcrowd.com/programs/teasers/85QHLUn4xVHNMXnm5RnTXi5i,150.0,2500.0
Help Secure an Anti-Crime FinTech Application,https://bugcrowd.com/programs/teasers/8KNfwfm3QXy4HeKXYvL6fRRq,125.0,2022.0
Opsgenie,https://bugcrowd.com/opsgenie,200.0,200.0
Telefónica Germany,https://bugcrowd.com/telefonicavdp,,
A multinational telecommunications is looking for top talent to secure their huge attack surface!,https://bugcrowd.com/programs/teasers/xgNf1nzd9GUNzAkA37uPpsoe,100.0,2022.0
Help secure the connection between teachers and students and build better classrooms,https://bugcrowd.com/programs/teasers/nJvfrwkiaktFrMkKdSEexXtz,150.0,2100.0
End to End Payment Solution,https://bugcrowd.com/programs/teasers/NN5Yd45gNJZdnVaEDPuqkmKH,100.0,3500.0
Help make the cloud landscape more secure ,https://bugcrowd.com/programs/teasers/ZgTj3xvrZb2Mj7T796MJqMmz,200.0,6500.0
Customer Experience and Resource Planning Applications,https://bugcrowd.com/programs/teasers/igumKmiWyvnL3qBXJeaFevFF,,
The leader in transport fuels.,https://bugcrowd.com/programs/teasers/pinkJ5MeAb2fpEH1QkQA9uuS,150.0,2500.0
Trello,https://bugcrowd.com/trello,,
Overstock's Vulnerability Disclosure Page!,https://bugcrowd.com/overstockvdp,,
Arlo Kudos Rewards,https://bugcrowd.com/arlokudos,,
Under Armour AppSec,https://bugcrowd.com/underarmour,2003.0,2003.0
Fleet Management Application ,https://bugcrowd.com/programs/teasers/XR31EGGTQjkxREVqi4RNwPXv,300.0,6500.0
Moneytree KK,https://bugcrowd.com/moneytreekkog,,
Square Open Source,https://bugcrowd.com/squareopensource,100.0,10000.0
A consumer device maker is looking for help securing its hardware/software assets,https://bugcrowd.com/programs/teasers/rp9tjj4WKMn1yTz5VRv46ssZ,150.0,4000.0
Etsy,https://bugcrowd.com/etsy,2012.0,2012.0
Cisco Meraki,https://bugcrowd.com/ciscomeraki,,
Bitdefender Box v2,https://bugcrowd.com/bitdefenderbox2,1000.0,969933082.0
Square,https://bugcrowd.com/square,500.0,500.0
FinTech provider ,https://bugcrowd.com/programs/teasers/muoeF4Rpqf48kDvaANUyG3QQ,150.0,3500.0
SAP Concur,https://bugcrowd.com/concur,,
Sports and Gaming with Large Attack Surface,https://bugcrowd.com/programs/teasers/xyo5VQceR2kZ3ciNALTQeUKM,,
NETGEAR Kudos Rewards,https://bugcrowd.com/netgearkudos,,
NETGEAR Cash Rewards,https://bugcrowd.com/netgear,,
Retail Company ,https://bugcrowd.com/programs/teasers/mb7DbrFxEqxoFro9MPJiqpA3,,
Payment platform looking for bug hunters!,https://bugcrowd.com/programs/teasers/ZFU5tCmZVAJJc3W3y66eWdfb,250.0,10000.0
Cloud Services Company Wants Your Help!,https://bugcrowd.com/programs/teasers/frosty-wildflower-7695,200.0,4500.0
InVision ,https://bugcrowd.com/invision,,
LastPass,https://bugcrowd.com/lastpass,,
OWASP Java Encoder,https://bugcrowd.com/owaspjavaencoder,,
Help secure a shocking new eCommerce platform,https://bugcrowd.com/programs/teasers/BRTLEC2brLWovrqfpFoF7V3R,100.0,2020.0
Mastercard,https://bugcrowd.com/mastercard,210.0,210.0
OWASP CSRFGuard,https://bugcrowd.com/owaspcrsfguard,,
OWASP Java HTML Sanitizer,https://bugcrowd.com/owaspjavasanitizer,305.0,305.0
OWASP® ZAP,https://bugcrowd.com/owaspzap,1000.0,1000.0
Leading Survey Solutions Provider,https://bugcrowd.com/programs/teasers/T9qKHtyt6cD6KeJnraR9bvvt,,
SecureDrop,https://bugcrowd.com/freedomofpress,,
FoxyCart,https://bugcrowd.com/foxycart,,
Humble Bundle,https://bugcrowd.com/humblebundle,100.0,100.0
Statuspage,https://bugcrowd.com/statuspage,2013.0,2013.0
WHMCS Client Management Portal,https://bugcrowd.com/whmcs,,
Hack Me!,https://bugcrowd.com/hackme,,
Bugcrowd,https://bugcrowd.com/bugcrowd,100.0,100.0
